,song_name,album_name,artist_name,duration_ms,uri,href,danceability,energy,key,loudness,mode,speechiness,acousticness,instrumentalness,liveness,valence,tempo,type,id,uri.1,track_href,analysis_url,duration_ms.1,time_signature,cluster
0,Heat Waves,Tunes of the Summer,Glass Animals,238805,spotify:track:5wdzXMLwhcYD8YVZibN4ih,https://api.spotify.com/v1/tracks/5wdzXMLwhcYD8YVZibN4ih,0.761,0.525,11,-6.9,1,0.0944,0.44,6.7e-06,0.0921,0.531,80.87,audio_features,5wdzXMLwhcYD8YVZibN4ih,spotify:track:5wdzXMLwhcYD8YVZibN4ih,https://api.spotify.com/v1/tracks/5wdzXMLwhcYD8YVZibN4ih,https://api.spotify.com/v1/audio-analysis/5wdzXMLwhcYD8YVZibN4ih,238805,4,0
1,All You Had To Do Was Stay,1989,Taylor Swift,193293,spotify:track:0dAb8TY433dl3ZfXYCLE19,https://api.spotify.com/v1/tracks/0dAb8TY433dl3ZfXYCLE19,0.602,0.736,5,-5.778,1,0.0338,0.00196,4.57e-05,0.105,0.471,96.969,audio_features,0dAb8TY433dl3ZfXYCLE19,spotify:track:0dAb8TY433dl3ZfXYCLE19,https://api.spotify.com/v1/tracks/0dAb8TY433dl3ZfXYCLE19,https://api.spotify.com/v1/audio-analysis/0dAb8TY433dl3ZfXYCLE19,193293,4,0
2,Super Gremlin,Super Gremlin - 20s HipHop,Kodak Black,200547,spotify:track:6ZHkPseDytPv1xu3MhtR2m,https://api.spotify.com/v1/tracks/6ZHkPseDytPv1xu3MhtR2m,0.825,0.414,2,-6.634,1,0.144,0.00265,0.0,0.357,0.106,72.993,audio_features,6ZHkPseDytPv1xu3MhtR2m,spotify:track:6ZHkPseDytPv1xu3MhtR2m,https://api.spotify.com/v1/tracks/6ZHkPseDytPv1xu3MhtR2m,https://api.spotify.com/v1/audio-analysis/6ZHkPseDytPv1xu3MhtR2m,200548,4,0
3,abcdefu (Drill Remix),Greatest Drill Remix Hits,Drill Remix Guys,167541,spotify:track:5RiSr5eK0EpNZhynpC2abr,https://api.spotify.com/v1/tracks/5RiSr5eK0EpNZhynpC2abr,0.762,0.645,4,-2.831,1,0.034,0.0939,4.67e-06,0.216,0.25,121.943,audio_features,5RiSr5eK0EpNZhynpC2abr,spotify:track:5RiSr5eK0EpNZhynpC2abr,https://api.spotify.com/v1/tracks/5RiSr5eK0EpNZhynpC2abr,https://api.spotify.com/v1/audio-analysis/5RiSr5eK0EpNZhynpC2abr,167542,4,0
4,"We Don't Talk About Bruno (From ""Encanto"")","We Don't Talk About Bruno (From ""Encanto"")",Club Unicorn,161500,spotify:track:1fgKyWLJjGXJHzvFTauP7C,https://api.spotify.com/v1/tracks/1fgKyWLJjGXJHzvFTauP7C,0.686,0.306,0,-15.296,0,0.0545,0.994,0.924,0.112,0.503,119.988,audio_features,1fgKyWLJjGXJHzvFTauP7C,spotify:track:1fgKyWLJjGXJHzvFTauP7C,https://api.spotify.com/v1/tracks/1fgKyWLJjGXJHzvFTauP7C,https://api.spotify.com/v1/audio-analysis/1fgKyWLJjGXJHzvFTauP7C,161500,4,1
5,GHOST,Confetti,Jack Harlow,140996,spotify:track:70whMGrt6rwbkPlXGNtTBw,https://api.spotify.com/v1/tracks/70whMGrt6rwbkPlXGNtTBw,0.828,0.533,11,-6.067,1,0.166,0.000258,0.0,0.108,0.467,191.014,audio_features,70whMGrt6rwbkPlXGNtTBw,spotify:track:70whMGrt6rwbkPlXGNtTBw,https://api.spotify.com/v1/tracks/70whMGrt6rwbkPlXGNtTBw,https://api.spotify.com/v1/audio-analysis/70whMGrt6rwbkPlXGNtTBw,140996,4,0
6,Easy on Me,Blue,Brett Gray,202000,spotify:track:3wFH0adDgmp4aTvKQlME5i,https://api.spotify.com/v1/tracks/3wFH0adDgmp4aTvKQlME5i,0.413,0.469,5,-8.29,1,0.051,0.705,1.87e-05,0.118,0.142,153.864,audio_features,3wFH0adDgmp4aTvKQlME5i,spotify:track:3wFH0adDgmp4aTvKQlME5i,https://api.spotify.com/v1/tracks/3wFH0adDgmp4aTvKQlME5i,https://api.spotify.com/v1/audio-analysis/3wFH0adDgmp4aTvKQlME5i,202000,3,2
7,Enemy (Lofi hip hop),Enemy (Lofi hip hop),Chilled Almond,142110,spotify:track:5cbcowwEscAVicpfNA20iJ,https://api.spotify.com/v1/tracks/5cbcowwEscAVicpfNA20iJ,0.578,0.1,7,-26.367,1,0.0351,0.953,0.892,0.108,0.0661,77.015,audio_features,5cbcowwEscAVicpfNA20iJ,spotify:track:5cbcowwEscAVicpfNA20iJ,https://api.spotify.com/v1/tracks/5cbcowwEscAVicpfNA20iJ,https://api.spotify.com/v1/audio-analysis/5cbcowwEscAVicpfNA20iJ,142110,4,0
8,Money (That's What I Want) - Remastered 2009,The Beatles - Inspirations,The Beatles,169506,spotify:track:1XmtBkY0hRsq529Ru1eaxn,https://api.spotify.com/v1/tracks/1XmtBkY0hRsq529Ru1eaxn,0.546,0.853,11,-8.369,0,0.0394,0.425,0.0,0.266,0.923,128.814,audio_features,1XmtBkY0hRsq529Ru1eaxn,spotify:track:1XmtBkY0hRsq529Ru1eaxn,https://api.spotify.com/v1/tracks/1XmtBkY0hRsq529Ru1eaxn,https://api.spotify.com/v1/audio-analysis/1XmtBkY0hRsq529Ru1eaxn,169507,1,-1
9,Bad Habits - Acoustic,Bad Habits,Nerv,238681,spotify:track:4iiTgOU07in6LCm4WSYSrd,https://api.spotify.com/v1/tracks/4iiTgOU07in6LCm4WSYSrd,0.65,0.414,4,-6.117,0,0.0329,0.884,0.0,0.292,0.526,137.003,audio_features,4iiTgOU07in6LCm4WSYSrd,spotify:track:4iiTgOU07in6LCm4WSYSrd,https://api.spotify.com/v1/tracks/4iiTgOU07in6LCm4WSYSrd,https://api.spotify.com/v1/audio-analysis/4iiTgOU07in6LCm4WSYSrd,238682,4,1
10,Shivers,"Good Luck, Kid",JOSEPH,227933,spotify:track:00thPgmLw1MtgpJyKWOiXm,https://api.spotify.com/v1/tracks/00thPgmLw1MtgpJyKWOiXm,0.559,0.51,11,-8.106,0,0.0405,0.778,1.7e-05,0.107,0.215,117.995,audio_features,00thPgmLw1MtgpJyKWOiXm,spotify:track:00thPgmLw1MtgpJyKWOiXm,https://api.spotify.com/v1/tracks/00thPgmLw1MtgpJyKWOiXm,https://api.spotify.com/v1/audio-analysis/00thPgmLw1MtgpJyKWOiXm,227933,4,1
11,hope is a dangerous thing for a woman like me to have - but I have it,Norman Fucking Rockwell!,Lana Del Rey,324498,spotify:track:0fB77VOZ2FkQeKLv1DuEwp,https://api.spotify.com/v1/tracks/0fB77VOZ2FkQeKLv1DuEwp,0.49,0.104,4,-13.208,0,0.0635,0.964,0.0,0.162,0.278,86.675,audio_features,0fB77VOZ2FkQeKLv1DuEwp,spotify:track:0fB77VOZ2FkQeKLv1DuEwp,https://api.spotify.com/v1/tracks/0fB77VOZ2FkQeKLv1DuEwp,https://api.spotify.com/v1/audio-analysis/0fB77VOZ2FkQeKLv1DuEwp,324499,4,1
12,Cold Heart - PNAU Remix,Sex Life,Elton John,202735,spotify:track:1Nrf7gRdfIkN5M4nuZZhnM,https://api.spotify.com/v1/tracks/1Nrf7gRdfIkN5M4nuZZhnM,0.796,0.798,1,-6.312,1,0.0317,0.034,4.19e-05,0.0952,0.942,116.032,audio_features,1Nrf7gRdfIkN5M4nuZZhnM,spotify:track:1Nrf7gRdfIkN5M4nuZZhnM,https://api.spotify.com/v1/tracks/1Nrf7gRdfIkN5M4nuZZhnM,https://api.spotify.com/v1/audio-analysis/1Nrf7gRdfIkN5M4nuZZhnM,202735,4,0
13,Big Enigma Energy,What You Didn't Want to Happen Is Happening Right Now,No Lungs,234896,spotify:track:04udXPNPnDTsrMbQTJgUDv,https://api.spotify.com/v1/tracks/04udXPNPnDTsrMbQTJgUDv,0.385,0.851,0,-5.074,1,0.0491,5.94e-05,0.000495,0.509,0.858,134.14,audio_features,04udXPNPnDTsrMbQTJgUDv,spotify:track:04udXPNPnDTsrMbQTJgUDv,https://api.spotify.com/v1/tracks/04udXPNPnDTsrMbQTJgUDv,https://api.spotify.com/v1/audio-analysis/04udXPNPnDTsrMbQTJgUDv,234897,4,0
14,The Sweetest Medicine,So Right,Maria Pia De Vito,178746,spotify:track:5Cch23GfS6BqGw6ychQx4j,https://api.spotify.com/v1/tracks/5Cch23GfS6BqGw6ychQx4j,0.375,0.19,3,-13.507,1,0.0355,0.935,0.00296,0.264,0.167,118.956,audio_features,5Cch23GfS6BqGw6ychQx4j,spotify:track:5Cch23GfS6BqGw6ychQx4j,https://api.spotify.com/v1/tracks/5Cch23GfS6BqGw6ychQx4j,https://api.spotify.com/v1/audio-analysis/5Cch23GfS6BqGw6ychQx4j,178747,3,2
15,I Need To Know,The Best Of Everything - The Definitive Career Spanning Hits Collection 1976-2016,Tom Petty and the Heartbreakers,142386,spotify:track:3YfVX3z2ZnVmvVe5WoGAH1,https://api.spotify.com/v1/tracks/3YfVX3z2ZnVmvVe5WoGAH1,0.505,0.914,4,-5.202,0,0.0281,0.0108,0.0496,0.346,0.707,154.113,audio_features,3YfVX3z2ZnVmvVe5WoGAH1,spotify:track:3YfVX3z2ZnVmvVe5WoGAH1,https://api.spotify.com/v1/tracks/3YfVX3z2ZnVmvVe5WoGAH1,https://api.spotify.com/v1/audio-analysis/3YfVX3z2ZnVmvVe5WoGAH1,142387,4,1
16,Save your tears - Remix,Save your tears (Remix),DJ Concito,272830,spotify:track:0kjbNDKQRt5mbJOf5GsiJn,https://api.spotify.com/v1/tracks/0kjbNDKQRt5mbJOf5GsiJn,0.65,0.902,0,-7.196,1,0.0462,0.00618,0.000978,0.326,0.573,119.993,audio_features,0kjbNDKQRt5mbJOf5GsiJn,spotify:track:0kjbNDKQRt5mbJOf5GsiJn,https://api.spotify.com/v1/tracks/0kjbNDKQRt5mbJOf5GsiJn,https://api.spotify.com/v1/audio-analysis/0kjbNDKQRt5mbJOf5GsiJn,272831,4,0
17,Throw Your Hands Up (Ahhhhhhhh),Who Is Jinxs McFly ?,Jinxs McFly,245446,spotify:track:7sCBkHUBuLHdZgoHBZoFIw,https://api.spotify.com/v1/tracks/7sCBkHUBuLHdZgoHBZoFIw,0.821,0.435,11,-7.186,1,0.044,0.0142,0.0,0.101,0.691,127.024,audio_features,7sCBkHUBuLHdZgoHBZoFIw,spotify:track:7sCBkHUBuLHdZgoHBZoFIw,https://api.spotify.com/v1/tracks/7sCBkHUBuLHdZgoHBZoFIw,https://api.spotify.com/v1/audio-analysis/7sCBkHUBuLHdZgoHBZoFIw,245447,4,0
18,Levitating (feat. DaBaby),Levitating EP,Dua Lipa,203064,spotify:track:7AOcgzVo2IUMDTFBJwAHBJ,https://api.spotify.com/v1/tracks/7AOcgzVo2IUMDTFBJwAHBJ,0.702,0.825,6,-3.787,0,0.0601,0.00883,0.0,0.0674,0.915,102.977,audio_features,7AOcgzVo2IUMDTFBJwAHBJ,spotify:track:7AOcgzVo2IUMDTFBJwAHBJ,https://api.spotify.com/v1/tracks/7AOcgzVo2IUMDTFBJwAHBJ,https://api.spotify.com/v1/audio-analysis/7AOcgzVo2IUMDTFBJwAHBJ,203064,4,1
19,Pushing Up,Pushing Up,Kathy Gross,109090,spotify:track:747yqr3Ti48HL4uidjA4fp,https://api.spotify.com/v1/tracks/747yqr3Ti48HL4uidjA4fp,0.69,0.305,6,-18.274,0,0.111,0.745,0.267,0.0664,0.0786,120.965,audio_features,747yqr3Ti48HL4uidjA4fp,spotify:track:747yqr3Ti48HL4uidjA4fp,https://api.spotify.com/v1/tracks/747yqr3Ti48HL4uidjA4fp,https://api.spotify.com/v1/audio-analysis/747yqr3Ti48HL4uidjA4fp,109090,4,1
20,Industry Baby - Piano Version,Piano Hits Covers July 2021 : Music for Studying & Relaxing,Will Adagio,175776,spotify:track:5Zmvx8g1i6MWKD65SAPFke,https://api.spotify.com/v1/tracks/5Zmvx8g1i6MWKD65SAPFke,0.633,0.0455,10,-28.08,0,0.0614,0.995,0.913,0.0949,0.113,120.416,audio_features,5Zmvx8g1i6MWKD65SAPFke,spotify:track:5Zmvx8g1i6MWKD65SAPFke,https://api.spotify.com/v1/tracks/5Zmvx8g1i6MWKD65SAPFke,https://api.spotify.com/v1/audio-analysis/5Zmvx8g1i6MWKD65SAPFke,175776,4,1
21,Til You Can't,Til You Can't,Tom McCoy,204424,spotify:track:317cbJ7kbP5xUTuE1m8L7t,https://api.spotify.com/v1/tracks/317cbJ7kbP5xUTuE1m8L7t,0.906,0.512,4,-11.629,1,0.0488,0.436,0.00114,0.147,0.972,120.611,audio_features,317cbJ7kbP5xUTuE1m8L7t,spotify:track:317cbJ7kbP5xUTuE1m8L7t,https://api.spotify.com/v1/tracks/317cbJ7kbP5xUTuE1m8L7t,https://api.spotify.com/v1/audio-analysis/317cbJ7kbP5xUTuE1m8L7t,204424,4,0
22,"Gotta Know Right Now - Live At The Metro, Chicago, Illinois / November 11th, 2005","At Metro (Live At The Metro, Chicago, Illinois / November 11th, 2005)",Smoking Popes,145786,spotify:track:10I4zbwCRpJUYlewitw6cp,https://api.spotify.com/v1/tracks/10I4zbwCRpJUYlewitw6cp,0.228,0.936,2,-3.788,1,0.0703,1.36e-05,0.362,0.563,0.515,140.084,audio_features,10I4zbwCRpJUYlewitw6cp,spotify:track:10I4zbwCRpJUYlewitw6cp,https://api.spotify.com/v1/tracks/10I4zbwCRpJUYlewitw6cp,https://api.spotify.com/v1/audio-analysis/10I4zbwCRpJUYlewitw6cp,145787,4,0
23,Whatever Happened To You,Anno Domini (2020 Remastered Edition),Lordd Virgil,226160,spotify:track:7HqWLjQwus9HK5Z6amcGwR,https://api.spotify.com/v1/tracks/7HqWLjQwus9HK5Z6amcGwR,0.365,0.907,5,-7.956,0,0.0711,0.00023,1.01e-06,0.721,0.465,185.16,audio_features,7HqWLjQwus9HK5Z6amcGwR,spotify:track:7HqWLjQwus9HK5Z6amcGwR,https://api.spotify.com/v1/tracks/7HqWLjQwus9HK5Z6amcGwR,https://api.spotify.com/v1/audio-analysis/7HqWLjQwus9HK5Z6amcGwR,226160,4,1
24,"i hate u, i love u (feat. olivia o'brien)",we,Garrett Nash,251039,spotify:track:6zYuVnHTZQbFSQ9BAhhf9S,https://api.spotify.com/v1/tracks/6zYuVnHTZQbFSQ9BAhhf9S,0.615,0.288,6,-13.397,0,0.203,0.691,0.0,0.096,0.176,92.144,audio_features,6zYuVnHTZQbFSQ9BAhhf9S,spotify:track:6zYuVnHTZQbFSQ9BAhhf9S,https://api.spotify.com/v1/tracks/6zYuVnHTZQbFSQ9BAhhf9S,https://api.spotify.com/v1/audio-analysis/6zYuVnHTZQbFSQ9BAhhf9S,251039,4,1
25,2 Petty,In Too Deep (The E.P),Wetlikedasani,199500,spotify:track:2nKCfz8z6djIPcq5BB2CiD,https://api.spotify.com/v1/tracks/2nKCfz8z6djIPcq5BB2CiD,0.829,0.431,8,-13.248,0,0.286,0.927,0.00926,0.107,0.867,134.933,audio_features,2nKCfz8z6djIPcq5BB2CiD,spotify:track:2nKCfz8z6djIPcq5BB2CiD,https://api.spotify.com/v1/tracks/2nKCfz8z6djIPcq5BB2CiD,https://api.spotify.com/v1/audio-analysis/2nKCfz8z6djIPcq5BB2CiD,199500,4,1
26,23 hrs,Ciudades y Luces,Sin Instrumento Alguno,265848,spotify:track:4iPOlC6Gzbxh3I94mDHZ5T,https://api.spotify.com/v1/tracks/4iPOlC6Gzbxh3I94mDHZ5T,0.381,0.721,4,-5.806,1,0.0378,0.39,3.32e-06,0.108,0.548,189.808,audio_features,4iPOlC6Gzbxh3I94mDHZ5T,spotify:track:4iPOlC6Gzbxh3I94mDHZ5T,https://api.spotify.com/v1/tracks/4iPOlC6Gzbxh3I94mDHZ5T,https://api.spotify.com/v1/audio-analysis/4iPOlC6Gzbxh3I94mDHZ5T,265848,4,0
27,Mamiii - Remix,Mamiii (Remix),Dj Cumbio,182406,spotify:track:7tSRNFFAUh50phbAAqu1HT,https://api.spotify.com/v1/tracks/7tSRNFFAUh50phbAAqu1HT,0.782,0.749,4,-5.292,0,0.285,0.463,0.0,0.151,0.959,100.012,audio_features,7tSRNFFAUh50phbAAqu1HT,spotify:track:7tSRNFFAUh50phbAAqu1HT,https://api.spotify.com/v1/tracks/7tSRNFFAUh50phbAAqu1HT,https://api.spotify.com/v1/audio-analysis/7tSRNFFAUh50phbAAqu1HT,182406,4,1
28,"Under the Surface (Theme from ""Encanto"") [Surface Pressure]","Under the Surface (Theme from ""Encanto"") [Surface Pressure]",DJ Gotta,193381,spotify:track:3FByW3ENXRMgSQi0rPmekj,https://api.spotify.com/v1/tracks/3FByW3ENXRMgSQi0rPmekj,0.785,0.648,7,-3.708,1,0.113,0.149,7.16e-05,0.619,0.306,89.981,audio_features,3FByW3ENXRMgSQi0rPmekj,spotify:track:3FByW3ENXRMgSQi0rPmekj,https://api.spotify.com/v1/tracks/3FByW3ENXRMgSQi0rPmekj,https://api.spotify.com/v1/audio-analysis/3FByW3ENXRMgSQi0rPmekj,193381,4,0
29,No Interviews II,The Swisher Centipede,Northside QUiL,195163,spotify:track:0qRY3fmYP4ju0z1Gl3SCMU,https://api.spotify.com/v1/tracks/0qRY3fmYP4ju0z1Gl3SCMU,0.817,0.602,6,-10.055,1,0.123,0.663,0.0,0.182,0.91,139.931,audio_features,0qRY3fmYP4ju0z1Gl3SCMU,spotify:track:0qRY3fmYP4ju0z1Gl3SCMU,https://api.spotify.com/v1/tracks/0qRY3fmYP4ju0z1Gl3SCMU,https://api.spotify.com/v1/audio-analysis/0qRY3fmYP4ju0z1Gl3SCMU,195164,4,0
30,Doesn't Make You Right,Dirty Heads,Dirty Heads,262000,spotify:track:7y2RoHNhrToMvCOXQpkS8C,https://api.spotify.com/v1/tracks/7y2RoHNhrToMvCOXQpkS8C,0.682,0.614,7,-5.938,0,0.105,0.198,5.73e-06,0.738,0.431,171.8,audio_features,7y2RoHNhrToMvCOXQpkS8C,spotify:track:7y2RoHNhrToMvCOXQpkS8C,https://api.spotify.com/v1/tracks/7y2RoHNhrToMvCOXQpkS8C,https://api.spotify.com/v1/audio-analysis/7y2RoHNhrToMvCOXQpkS8C,262000,4,1
31,Good 4 U,Sour Piano Instrumentals,Minnz Piano,198034,spotify:track:0ylaWMLZv93Wqy6mAOyUi7,https://api.spotify.com/v1/tracks/0ylaWMLZv93Wqy6mAOyUi7,0.289,0.0922,9,-24.653,1,0.0427,0.974,0.937,0.0716,0.163,156.516,audio_features,0ylaWMLZv93Wqy6mAOyUi7,spotify:track:0ylaWMLZv93Wqy6mAOyUi7,https://api.spotify.com/v1/tracks/0ylaWMLZv93Wqy6mAOyUi7,https://api.spotify.com/v1/audio-analysis/0ylaWMLZv93Wqy6mAOyUi7,198034,4,0
32,Light On (Switching Vocals),Light On (Switching Vocals),Nightcore Dreams,187409,spotify:track:7ndlHXRhLX8r0Pxhohxg1w,https://api.spotify.com/v1/tracks/7ndlHXRhLX8r0Pxhohxg1w,0.275,0.323,5,-8.853,1,0.0302,0.752,0.00819,0.163,0.194,167.829,audio_features,7ndlHXRhLX8r0Pxhohxg1w,spotify:track:7ndlHXRhLX8r0Pxhohxg1w,https://api.spotify.com/v1/tracks/7ndlHXRhLX8r0Pxhohxg1w,https://api.spotify.com/v1/audio-analysis/7ndlHXRhLX8r0Pxhohxg1w,187409,5,-1
33,Golden Tongues,Golden Tongues,Psychic Love Child,312000,spotify:track:6uLktz7g6P2HGP580miTCT,https://api.spotify.com/v1/tracks/6uLktz7g6P2HGP580miTCT,0.494,0.69,1,-7.864,1,0.0401,0.00296,0.000316,0.0904,0.431,140.075,audio_features,6uLktz7g6P2HGP580miTCT,spotify:track:6uLktz7g6P2HGP580miTCT,https://api.spotify.com/v1/tracks/6uLktz7g6P2HGP580miTCT,https://api.spotify.com/v1/audio-analysis/6uLktz7g6P2HGP580miTCT,312000,4,0
34,Buy Dirt,Buy Dirt,Jordan Black,188594,spotify:track:4OQPYgXWTxg5LeJY4OzwSt,https://api.spotify.com/v1/tracks/4OQPYgXWTxg5LeJY4OzwSt,0.543,0.335,4,-13.533,1,0.0352,0.815,0.0,0.139,0.419,78.255,audio_features,4OQPYgXWTxg5LeJY4OzwSt,spotify:track:4OQPYgXWTxg5LeJY4OzwSt,https://api.spotify.com/v1/tracks/4OQPYgXWTxg5LeJY4OzwSt,https://api.spotify.com/v1/audio-analysis/4OQPYgXWTxg5LeJY4OzwSt,188595,4,0
35,Fancy Like,Fancy Like,Kayne Waste,118457,spotify:track:764oqVp5cqzj2YazBkTj86,https://api.spotify.com/v1/tracks/764oqVp5cqzj2YazBkTj86,0.722,0.467,2,-15.679,1,0.191,0.00226,0.909,0.0919,0.785,154.195,audio_features,764oqVp5cqzj2YazBkTj86,spotify:track:764oqVp5cqzj2YazBkTj86,https://api.spotify.com/v1/tracks/764oqVp5cqzj2YazBkTj86,https://api.spotify.com/v1/audio-analysis/764oqVp5cqzj2YazBkTj86,118458,4,0
36,Thinking With My Dick - Instrumental,Five Lit Bangerz!!!,KPH,165854,spotify:track:4vrn1TqRn2vPR4uLt7ivSu,https://api.spotify.com/v1/tracks/4vrn1TqRn2vPR4uLt7ivSu,0.774,0.392,5,-15.321,0,0.0929,0.275,0.907,0.153,0.225,80.994,audio_features,4vrn1TqRn2vPR4uLt7ivSu,spotify:track:4vrn1TqRn2vPR4uLt7ivSu,https://api.spotify.com/v1/tracks/4vrn1TqRn2vPR4uLt7ivSu,https://api.spotify.com/v1/audio-analysis/4vrn1TqRn2vPR4uLt7ivSu,165854,4,1
37,Fingers Crossed,...Was Right All Along (10th Anniversary),John-Allison Weiss,207280,spotify:track:3jceAWHyFrvwaiivK3nnkS,https://api.spotify.com/v1/tracks/3jceAWHyFrvwaiivK3nnkS,0.595,0.715,10,-5.23,1,0.0666,0.0346,0.0,0.111,0.495,151.623,audio_features,3jceAWHyFrvwaiivK3nnkS,spotify:track:3jceAWHyFrvwaiivK3nnkS,https://api.spotify.com/v1/tracks/3jceAWHyFrvwaiivK3nnkS,https://api.spotify.com/v1/audio-analysis/3jceAWHyFrvwaiivK3nnkS,207280,4,0
38,Bambi,Champ,Tokyo Police Club,166120,spotify:track:4oxA1ZfTm2QtRj09cBX5SA,https://api.spotify.com/v1/tracks/4oxA1ZfTm2QtRj09cBX5SA,0.619,0.85,1,-7.094,0,0.0363,0.00261,0.0316,0.126,0.789,140.005,audio_features,4oxA1ZfTm2QtRj09cBX5SA,spotify:track:4oxA1ZfTm2QtRj09cBX5SA,https://api.spotify.com/v1/tracks/4oxA1ZfTm2QtRj09cBX5SA,https://api.spotify.com/v1/audio-analysis/4oxA1ZfTm2QtRj09cBX5SA,166120,4,1
39,Handsomer - Chorus,Handsomer (Originally Performed by Russ) [Karaoke],Troy Tha Studio Rat,141899,spotify:track:3BMrO0P2BQ8h9eQ3AY0xon,https://api.spotify.com/v1/tracks/3BMrO0P2BQ8h9eQ3AY0xon,0.725,0.412,8,-14.94,1,0.153,0.166,0.926,0.0839,0.345,164.036,audio_features,3BMrO0P2BQ8h9eQ3AY0xon,spotify:track:3BMrO0P2BQ8h9eQ3AY0xon,https://api.spotify.com/v1/tracks/3BMrO0P2BQ8h9eQ3AY0xon,https://api.spotify.com/v1/audio-analysis/3BMrO0P2BQ8h9eQ3AY0xon,141900,4,0
40,Love Nwantiti (Ah Ah Ah) [Instrumental Cover],"Ultimate Hits Collection, Vol. 15",Miraculous Studio Orchestra,31000,spotify:track:63d0SKzIDXQ4hKHW5vF7F0,https://api.spotify.com/v1/tracks/63d0SKzIDXQ4hKHW5vF7F0,0.161,0.288,9,-15.288,0,0.0466,0.844,0.857,0.167,0.0384,92.066,audio_features,63d0SKzIDXQ4hKHW5vF7F0,spotify:track:63d0SKzIDXQ4hKHW5vF7F0,https://api.spotify.com/v1/tracks/63d0SKzIDXQ4hKHW5vF7F0,https://api.spotify.com/v1/audio-analysis/63d0SKzIDXQ4hKHW5vF7F0,31000,4,1
41,"Medley: Life Begins At Forty / Ei Po-A Slice Of Heaven / L'Amour Est L'Enfant De La Libertie / God Defend New Zealand / Pinocchio / The Bridge (Il Silenzio) / Rugby, Racing & Beers / I Got You",Hooked On Kiwi - 36 Non-Stop New Zealand Greats,Joe 'Fingers' Webster & His River City Mainlanders,663040,spotify:track:6PFj1THPoQz7A2rh4b3mR8,https://api.spotify.com/v1/tracks/6PFj1THPoQz7A2rh4b3mR8,0.722,0.687,0,-11.233,1,0.0417,0.41,0.0527,0.302,0.841,136.299,audio_features,6PFj1THPoQz7A2rh4b3mR8,spotify:track:6PFj1THPoQz7A2rh4b3mR8,https://api.spotify.com/v1/tracks/6PFj1THPoQz7A2rh4b3mR8,https://api.spotify.com/v1/audio-analysis/6PFj1THPoQz7A2rh4b3mR8,663040,4,0
42,A Wonderful Guy - Broadway,Broadway Classic,Lisa Vroman,222680,spotify:track:0rZxmxtt3rkkD67pDxitE2,https://api.spotify.com/v1/tracks/0rZxmxtt3rkkD67pDxitE2,0.491,0.232,0,-10.805,1,0.0356,0.872,9.76e-06,0.15,0.359,95.544,audio_features,0rZxmxtt3rkkD67pDxitE2,spotify:track:0rZxmxtt3rkkD67pDxitE2,https://api.spotify.com/v1/tracks/0rZxmxtt3rkkD67pDxitE2,https://api.spotify.com/v1/audio-analysis/0rZxmxtt3rkkD67pDxitE2,222680,4,0
43,Sand In My Boots (Made Popular By Morgan Wallen) [Karaoke Version],Party Tyme 109 (Karaoke Versions),Party Tyme Karaoke,198837,spotify:track:5vyCdjaZ9WmjBT4PF5OV4K,https://api.spotify.com/v1/tracks/5vyCdjaZ9WmjBT4PF5OV4K,0.591,0.37,3,-9.513,1,0.0391,0.568,0.00112,0.194,0.179,140.179,audio_features,5vyCdjaZ9WmjBT4PF5OV4K,spotify:track:5vyCdjaZ9WmjBT4PF5OV4K,https://api.spotify.com/v1/tracks/5vyCdjaZ9WmjBT4PF5OV4K,https://api.spotify.com/v1/audio-analysis/5vyCdjaZ9WmjBT4PF5OV4K,198838,4,0
44,Been Doin This,Cookie Season,Lil $horty,116691,spotify:track:2l7enU5sUtm8m9vauUDxoF,https://api.spotify.com/v1/tracks/2l7enU5sUtm8m9vauUDxoF,0.872,0.483,11,-7.144,1,0.282,0.016,0.0,0.118,0.466,118.699,audio_features,2l7enU5sUtm8m9vauUDxoF,spotify:track:2l7enU5sUtm8m9vauUDxoF,https://api.spotify.com/v1/tracks/2l7enU5sUtm8m9vauUDxoF,https://api.spotify.com/v1/audio-analysis/2l7enU5sUtm8m9vauUDxoF,116691,4,0
45,Bacharach/David Medley: Knowing When To Leave/Make It Easy On Yourself/There's Always Something There To Remind Me/I'll Never Fall In Love Again/Walk On By/Do You Know The Way To San Jose,Carpenters,Carpenters,327958,spotify:track:0CiZhOLuBLUtDS08gtKWmo,https://api.spotify.com/v1/tracks/0CiZhOLuBLUtDS08gtKWmo,0.461,0.45,0,-11.228,1,0.109,0.797,0.0,0.0735,0.465,92.673,audio_features,0CiZhOLuBLUtDS08gtKWmo,spotify:track:0CiZhOLuBLUtDS08gtKWmo,https://api.spotify.com/v1/tracks/0CiZhOLuBLUtDS08gtKWmo,https://api.spotify.com/v1/audio-analysis/0CiZhOLuBLUtDS08gtKWmo,327959,4,0
46,Knife Talk,Rozay Beats,Drill LDN,89652,spotify:track:4IbHF2E4HNsi60joYeNkI9,https://api.spotify.com/v1/tracks/4IbHF2E4HNsi60joYeNkI9,0.625,0.537,6,-7.966,0,0.042,0.422,0.947,0.195,0.254,150.004,audio_features,4IbHF2E4HNsi60joYeNkI9,spotify:track:4IbHF2E4HNsi60joYeNkI9,https://api.spotify.com/v1/tracks/4IbHF2E4HNsi60joYeNkI9,https://api.spotify.com/v1/audio-analysis/4IbHF2E4HNsi60joYeNkI9,89652,4,1
47,"Anvil Of Crom / Finale (From ""Conan The Barbarian"")",The Greatest Theme From The Films of Arnold Schwarzenegger,The City of Prague Philharmonic Orchestra,65826,spotify:track:6UL7WjAfoofXKKRnAHa07n,https://api.spotify.com/v1/tracks/6UL7WjAfoofXKKRnAHa07n,0.557,0.858,7,-4.14,0,0.0456,0.311,0.000747,0.312,0.429,124.037,audio_features,6UL7WjAfoofXKKRnAHa07n,spotify:track:6UL7WjAfoofXKKRnAHa07n,https://api.spotify.com/v1/tracks/6UL7WjAfoofXKKRnAHa07n,https://api.spotify.com/v1/audio-analysis/6UL7WjAfoofXKKRnAHa07n,65827,3,3
48,Boyfriend,Love You to Death,Tegan and Sara,167253,spotify:track:0euRZeEKvdbptPpebwDtLc,https://api.spotify.com/v1/tracks/0euRZeEKvdbptPpebwDtLc,0.686,0.771,9,-5.697,0,0.0705,0.0254,0.000138,0.107,0.393,123.985,audio_features,0euRZeEKvdbptPpebwDtLc,spotify:track:0euRZeEKvdbptPpebwDtLc,https://api.spotify.com/v1/tracks/0euRZeEKvdbptPpebwDtLc,https://api.spotify.com/v1/audio-analysis/0euRZeEKvdbptPpebwDtLc,167253,4,1
49,How Sweet It Is (To Be Loved By You),Reflections,The Temptations,217373,spotify:track:4sjZ33bI2QVqzpReQnrRzD,https://api.spotify.com/v1/tracks/4sjZ33bI2QVqzpReQnrRzD,0.823,0.687,4,-8.381,0,0.0505,0.0885,8.1e-05,0.019,0.635,114.978,audio_features,4sjZ33bI2QVqzpReQnrRzD,spotify:track:4sjZ33bI2QVqzpReQnrRzD,https://api.spotify.com/v1/tracks/4sjZ33bI2QVqzpReQnrRzD,https://api.spotify.com/v1/audio-analysis/4sjZ33bI2QVqzpReQnrRzD,217373,4,1
50,Never Heard 'Em Say,Never Heard 'Em Say,Durand Jones & The Indications,175668,spotify:track:7K7cSzf0ulBuAjv6DavPk7,https://api.spotify.com/v1/tracks/7K7cSzf0ulBuAjv6DavPk7,0.57,0.121,8,-13.785,1,0.0473,0.97,0.0083,0.186,0.0907,90.163,audio_features,7K7cSzf0ulBuAjv6DavPk7,spotify:track:7K7cSzf0ulBuAjv6DavPk7,https://api.spotify.com/v1/tracks/7K7cSzf0ulBuAjv6DavPk7,https://api.spotify.com/v1/audio-analysis/7K7cSzf0ulBuAjv6DavPk7,175669,4,0
51,"Elegí (feat. Farruko, Anuel AA, Sech, Dímelo Flow & Justin Quiles) - Remix","Elegí (feat. Farruko, Anuel AA, Sech, Dímelo Flow & Justin Quiles) [Remix]",Rauw Alejandro,325692,spotify:track:3oCghu20Kto5Xcu8Pg0cit,https://api.spotify.com/v1/tracks/3oCghu20Kto5Xcu8Pg0cit,0.788,0.629,0,-4.727,1,0.0883,0.16,0.000828,0.0598,0.738,172.044,audio_features,3oCghu20Kto5Xcu8Pg0cit,spotify:track:3oCghu20Kto5Xcu8Pg0cit,https://api.spotify.com/v1/tracks/3oCghu20Kto5Xcu8Pg0cit,https://api.spotify.com/v1/audio-analysis/3oCghu20Kto5Xcu8Pg0cit,325692,4,0
52,Shootout @ My Crib,7220,Lil Durk,153813,spotify:track:1jJi5OK2iPnXbiImoRoqmo,https://api.spotify.com/v1/tracks/1jJi5OK2iPnXbiImoRoqmo,0.754,0.553,10,-8.777,0,0.394,0.06,0.0,0.108,0.195,90.6,audio_features,1jJi5OK2iPnXbiImoRoqmo,spotify:track:1jJi5OK2iPnXbiImoRoqmo,https://api.spotify.com/v1/tracks/1jJi5OK2iPnXbiImoRoqmo,https://api.spotify.com/v1/audio-analysis/1jJi5OK2iPnXbiImoRoqmo,153813,4,1
53,Numb Little Bug - Workout Remix 128 BPM,Numb Little Bug - Single,Power Music Workout,215625,spotify:track:6NP2ZArG7ntHkqYQs9qDWC,https://api.spotify.com/v1/tracks/6NP2ZArG7ntHkqYQs9qDWC,0.616,0.954,11,-6.795,1,0.0507,0.0155,0.129,0.0577,0.832,127.992,audio_features,6NP2ZArG7ntHkqYQs9qDWC,spotify:track:6NP2ZArG7ntHkqYQs9qDWC,https://api.spotify.com/v1/tracks/6NP2ZArG7ntHkqYQs9qDWC,https://api.spotify.com/v1/audio-analysis/6NP2ZArG7ntHkqYQs9qDWC,215625,4,0
54,Where We Started From,The Big Box,Little River Band,234066,spotify:track:60z9wKgZDyJmfBIcZEZdWq,https://api.spotify.com/v1/tracks/60z9wKgZDyJmfBIcZEZdWq,0.66,0.517,2,-8.258,1,0.0257,0.0118,2.47e-06,0.174,0.587,92.969,audio_features,60z9wKgZDyJmfBIcZEZdWq,spotify:track:60z9wKgZDyJmfBIcZEZdWq,https://api.spotify.com/v1/tracks/60z9wKgZDyJmfBIcZEZdWq,https://api.spotify.com/v1/audio-analysis/60z9wKgZDyJmfBIcZEZdWq,234067,4,0
55,Drunk (And I Don't Wanna Go Home) (Originally Performed by Elle King and Miranda Lambert) - Karaoke Version,Drunk (And I Don't Wanna Go Home) (Originally Performed by Elle King and Miranda Lambert) [Karaoke],Karaoke Pro,244348,spotify:track:6YHxyDJQSXZG9fWPYZHEAZ,https://api.spotify.com/v1/tracks/6YHxyDJQSXZG9fWPYZHEAZ,0.598,0.599,5,-9.204,1,0.0278,0.00182,0.686,0.0651,0.514,119.972,audio_features,6YHxyDJQSXZG9fWPYZHEAZ,spotify:track:6YHxyDJQSXZG9fWPYZHEAZ,https://api.spotify.com/v1/tracks/6YHxyDJQSXZG9fWPYZHEAZ,https://api.spotify.com/v1/audio-analysis/6YHxyDJQSXZG9fWPYZHEAZ,244348,4,0
56,The Family Madrigal - Instrumental,Piano Dreamers Play the Songs from Encanto (Instrumental),Piano Dreamers,178013,spotify:track:57aZTV4cVxkI5WeMVigtQh,https://api.spotify.com/v1/tracks/57aZTV4cVxkI5WeMVigtQh,0.592,0.248,1,-19.192,1,0.05,0.979,0.902,0.0987,0.528,139.999,audio_features,57aZTV4cVxkI5WeMVigtQh,spotify:track:57aZTV4cVxkI5WeMVigtQh,https://api.spotify.com/v1/tracks/57aZTV4cVxkI5WeMVigtQh,https://api.spotify.com/v1/audio-analysis/57aZTV4cVxkI5WeMVigtQh,178013,4,0
57,Headtaps,7220,Lil Durk,173880,spotify:track:11PBnaMz7FlMRR1VkauECN,https://api.spotify.com/v1/tracks/11PBnaMz7FlMRR1VkauECN,0.562,0.609,5,-7.672,1,0.279,0.0461,0.0,0.131,0.38,158.803,audio_features,11PBnaMz7FlMRR1VkauECN,spotify:track:11PBnaMz7FlMRR1VkauECN,https://api.spotify.com/v1/tracks/11PBnaMz7FlMRR1VkauECN,https://api.spotify.com/v1/audio-analysis/11PBnaMz7FlMRR1VkauECN,173880,4,0
58,All I Wanna Do (In the Style of Sheryl Crow) [Karaoke Version],"The Karaoke Channel - Sing the Best of Woodstock '94, Vol. 2",The Karaoke Channel,247303,spotify:track:182lxy8Rgn7lF06JghM7vi,https://api.spotify.com/v1/tracks/182lxy8Rgn7lF06JghM7vi,0.679,0.912,4,-7.101,0,0.0282,0.00215,0.673,0.169,0.972,120.078,audio_features,182lxy8Rgn7lF06JghM7vi,spotify:track:182lxy8Rgn7lF06JghM7vi,https://api.spotify.com/v1/tracks/182lxy8Rgn7lF06JghM7vi,https://api.spotify.com/v1/audio-analysis/182lxy8Rgn7lF06JghM7vi,247303,4,1
59,Thinking & Smoking,Thinking & Smoking 2,Flamingo$ Williams,144000,spotify:track:5yYPqhDlMzqzdMHA0IA9jv,https://api.spotify.com/v1/tracks/5yYPqhDlMzqzdMHA0IA9jv,0.66,0.666,8,-6.913,1,0.601,0.136,0.0,0.52,0.598,135.217,audio_features,5yYPqhDlMzqzdMHA0IA9jv,spotify:track:5yYPqhDlMzqzdMHA0IA9jv,https://api.spotify.com/v1/tracks/5yYPqhDlMzqzdMHA0IA9jv,https://api.spotify.com/v1/audio-analysis/5yYPqhDlMzqzdMHA0IA9jv,144000,4,0
60,23 (Bonus Track),23 (Bonus Track),Speaking Cursive,167222,spotify:track:1NMamwW1mbxldY0TyrUwQQ,https://api.spotify.com/v1/tracks/1NMamwW1mbxldY0TyrUwQQ,0.527,0.475,10,-6.165,1,0.0364,0.0415,0.0,0.093,0.33,144.004,audio_features,1NMamwW1mbxldY0TyrUwQQ,spotify:track:1NMamwW1mbxldY0TyrUwQQ,https://api.spotify.com/v1/tracks/1NMamwW1mbxldY0TyrUwQQ,https://api.spotify.com/v1/audio-analysis/1NMamwW1mbxldY0TyrUwQQ,167222,4,0
61,Slow Down,Slow Down,Twilight Summer,158400,spotify:track:7p6FuaNNAHrBMo0VaJg6Nl,https://api.spotify.com/v1/tracks/7p6FuaNNAHrBMo0VaJg6Nl,0.162,0.00884,5,-33.465,0,0.0449,0.978,0.909,0.11,0.0529,70.126,audio_features,7p6FuaNNAHrBMo0VaJg6Nl,spotify:track:7p6FuaNNAHrBMo0VaJg6Nl,https://api.spotify.com/v1/tracks/7p6FuaNNAHrBMo0VaJg6Nl,https://api.spotify.com/v1/audio-analysis/7p6FuaNNAHrBMo0VaJg6Nl,158400,4,1
62,Belgium Or Peru,Cuff The Duke,Cuff the Duke,201866,spotify:track:62uM5acWFIAicP3QlsIGQ0,https://api.spotify.com/v1/tracks/62uM5acWFIAicP3QlsIGQ0,0.543,0.638,0,-7.046,1,0.0285,0.00146,1.26e-05,0.0914,0.442,118.017,audio_features,62uM5acWFIAicP3QlsIGQ0,spotify:track:62uM5acWFIAicP3QlsIGQ0,https://api.spotify.com/v1/tracks/62uM5acWFIAicP3QlsIGQ0,https://api.spotify.com/v1/audio-analysis/62uM5acWFIAicP3QlsIGQ0,201867,4,0
63,What Makes The Weather?,Weather Songs (from Ballads for the Age of Science),Tom Glazer,79106,spotify:track:0FqyTgKEKxpBbEiciw1jRe,https://api.spotify.com/v1/tracks/0FqyTgKEKxpBbEiciw1jRe,0.656,0.299,9,-13.144,1,0.176,0.871,6.77e-05,0.341,0.748,109.793,audio_features,0FqyTgKEKxpBbEiciw1jRe,spotify:track:0FqyTgKEKxpBbEiciw1jRe,https://api.spotify.com/v1/tracks/0FqyTgKEKxpBbEiciw1jRe,https://api.spotify.com/v1/audio-analysis/0FqyTgKEKxpBbEiciw1jRe,79107,4,0
64,Grow Up/Keep It On Speaker,7220,Lil Durk,196341,spotify:track:6n6vizDAhZI6Qg52pgslRl,https://api.spotify.com/v1/tracks/6n6vizDAhZI6Qg52pgslRl,0.512,0.633,1,-7.951,0,0.289,0.0276,2.02e-06,0.578,0.236,113.621,audio_features,6n6vizDAhZI6Qg52pgslRl,spotify:track:6n6vizDAhZI6Qg52pgslRl,https://api.spotify.com/v1/tracks/6n6vizDAhZI6Qg52pgslRl,https://api.spotify.com/v1/audio-analysis/6n6vizDAhZI6Qg52pgslRl,196341,3,-1
65,Do We Have a Problem Skit,MA$ Than the Usual,MA$ MAN,37067,spotify:track:5fy4AKhARP1s2cpHziQLOz,https://api.spotify.com/v1/tracks/5fy4AKhARP1s2cpHziQLOz,0.577,0.809,4,-7.649,0,0.279,0.733,2.81e-06,0.22,0.322,120.267,audio_features,5fy4AKhARP1s2cpHziQLOz,spotify:track:5fy4AKhARP1s2cpHziQLOz,https://api.spotify.com/v1/tracks/5fy4AKhARP1s2cpHziQLOz,https://api.spotify.com/v1/audio-analysis/5fy4AKhARP1s2cpHziQLOz,37068,5,-1
66,"Baby, What Else Can I Do?",The Complete Decca Singles Vol. 2: 1939-1941,Ella Fitzgerald and Her Famous Orchestra,186147,spotify:track:76n31I51yGPJkEJ2PR9NFC,https://api.spotify.com/v1/tracks/76n31I51yGPJkEJ2PR9NFC,0.68,0.131,2,-6.179,0,0.0357,0.925,0.0,0.0455,0.483,98.257,audio_features,76n31I51yGPJkEJ2PR9NFC,spotify:track:76n31I51yGPJkEJ2PR9NFC,https://api.spotify.com/v1/tracks/76n31I51yGPJkEJ2PR9NFC,https://api.spotify.com/v1/audio-analysis/76n31I51yGPJkEJ2PR9NFC,186148,4,1
67,Nail Tech - Chopped Slowed and Reverb,Pour Up Vol. 1,DJ Skeeball,292706,spotify:track:7e4kvBRx8N342PnmEZDkX1,https://api.spotify.com/v1/tracks/7e4kvBRx8N342PnmEZDkX1,0.737,0.438,1,-10.924,1,0.0316,0.17,0.432,0.102,0.117,106.057,audio_features,7e4kvBRx8N342PnmEZDkX1,spotify:track:7e4kvBRx8N342PnmEZDkX1,https://api.spotify.com/v1/tracks/7e4kvBRx8N342PnmEZDkX1,https://api.spotify.com/v1/audio-analysis/7e4kvBRx8N342PnmEZDkX1,292707,4,0
68,Blocklist,Universe,Lil Lipsee,151871,spotify:track:2tq4rvmg05TxRt5A5Z66oo,https://api.spotify.com/v1/tracks/2tq4rvmg05TxRt5A5Z66oo,0.669,0.559,4,-7.189,0,0.064,0.436,1.77e-06,0.165,0.174,139.99,audio_features,2tq4rvmg05TxRt5A5Z66oo,spotify:track:2tq4rvmg05TxRt5A5Z66oo,https://api.spotify.com/v1/tracks/2tq4rvmg05TxRt5A5Z66oo,https://api.spotify.com/v1/audio-analysis/2tq4rvmg05TxRt5A5Z66oo,151872,4,1
69,You Tell Me Your Dream,Those Lazy Hazy Crazy Days Of Summer,Nat King Cole,138533,spotify:track:59GqIantfgjq806RKDr7Yx,https://api.spotify.com/v1/tracks/59GqIantfgjq806RKDr7Yx,0.326,0.457,11,-10.902,0,0.0405,0.892,0.0,0.144,0.36,134.83,audio_features,59GqIantfgjq806RKDr7Yx,spotify:track:59GqIantfgjq806RKDr7Yx,https://api.spotify.com/v1/tracks/59GqIantfgjq806RKDr7Yx,https://api.spotify.com/v1/audio-analysis/59GqIantfgjq806RKDr7Yx,138533,4,1
70,Someone Who Lives in Your Heart,Christian Artists Series: Glen Allan Green & Friends,All-4-One,267506,spotify:track:4OnRs0HrGrYOt6S3j4fGvB,https://api.spotify.com/v1/tracks/4OnRs0HrGrYOt6S3j4fGvB,0.526,0.52,1,-6.366,1,0.0265,0.55,0.0,0.183,0.18,137.064,audio_features,4OnRs0HrGrYOt6S3j4fGvB,spotify:track:4OnRs0HrGrYOt6S3j4fGvB,https://api.spotify.com/v1/tracks/4OnRs0HrGrYOt6S3j4fGvB,https://api.spotify.com/v1/audio-analysis/4OnRs0HrGrYOt6S3j4fGvB,267507,3,2
71,Two Oruguitas,Encanto (Svenskt Original Soundtrack),Sebastian Yatra,214600,spotify:track:6DfwB30PhV1Zel93tZ2ubI,https://api.spotify.com/v1/tracks/6DfwB30PhV1Zel93tZ2ubI,0.563,0.408,0,-8.888,1,0.0472,0.736,0.0,0.086,0.482,94.799,audio_features,6DfwB30PhV1Zel93tZ2ubI,spotify:track:6DfwB30PhV1Zel93tZ2ubI,https://api.spotify.com/v1/tracks/6DfwB30PhV1Zel93tZ2ubI,https://api.spotify.com/v1/audio-analysis/6DfwB30PhV1Zel93tZ2ubI,214600,4,0
72,"Ipso Facto, Irreconcilable Differences, Irreparable Damage or Injury","Rhode Island Bar Exam Review, Vol. 1",Leo Gerron,31831,spotify:track:4m0nMNc9sM5ySnxWKJG66q,https://api.spotify.com/v1/tracks/4m0nMNc9sM5ySnxWKJG66q,0.632,0.255,1,-19.036,1,0.946,0.77,0.0,0.0939,0.514,171.644,audio_features,4m0nMNc9sM5ySnxWKJG66q,spotify:track:4m0nMNc9sM5ySnxWKJG66q,https://api.spotify.com/v1/tracks/4m0nMNc9sM5ySnxWKJG66q,https://api.spotify.com/v1/audio-analysis/4m0nMNc9sM5ySnxWKJG66q,31832,3,-1
73,Circles Around This Town,Jawnstein,Tamar White,194497,spotify:track:5rnzWPz8b6d7uPIquCoTMT,https://api.spotify.com/v1/tracks/5rnzWPz8b6d7uPIquCoTMT,0.54,0.606,4,-8.673,1,0.0351,0.0985,0.0,0.0832,0.739,149.937,audio_features,5rnzWPz8b6d7uPIquCoTMT,spotify:track:5rnzWPz8b6d7uPIquCoTMT,https://api.spotify.com/v1/tracks/5rnzWPz8b6d7uPIquCoTMT,https://api.spotify.com/v1/audio-analysis/5rnzWPz8b6d7uPIquCoTMT,194497,4,0
74,Freaky Deaky Dog,D.S.O.,Dynamic Sounds Orchestra,436119,spotify:track:5t2uQWEPHRhjQhIGopxwxx,https://api.spotify.com/v1/tracks/5t2uQWEPHRhjQhIGopxwxx,0.688,0.694,7,-9.849,0,0.323,0.049,0.0,0.0633,0.733,123.659,audio_features,5t2uQWEPHRhjQhIGopxwxx,spotify:track:5t2uQWEPHRhjQhIGopxwxx,https://api.spotify.com/v1/tracks/5t2uQWEPHRhjQhIGopxwxx,https://api.spotify.com/v1/audio-analysis/5t2uQWEPHRhjQhIGopxwxx,436120,4,1
75,If Heaven Wasn't so Far Away,Top 50 Hottest Country Hits Ever!,Modern Cowboys,224367,spotify:track:6YtSIRemj97NQdW7VgBtf1,https://api.spotify.com/v1/tracks/6YtSIRemj97NQdW7VgBtf1,0.509,0.539,11,-9.501,1,0.035,0.152,0.0,0.119,0.401,151.034,audio_features,6YtSIRemj97NQdW7VgBtf1,spotify:track:6YtSIRemj97NQdW7VgBtf1,https://api.spotify.com/v1/tracks/6YtSIRemj97NQdW7VgBtf1,https://api.spotify.com/v1/audio-analysis/6YtSIRemj97NQdW7VgBtf1,224368,4,0
76,Beautiful Lies,Ready For Life,Ashley Wallbridge,193177,spotify:track:33qlYxXfliGpHmKln2yDjg,https://api.spotify.com/v1/tracks/33qlYxXfliGpHmKln2yDjg,0.439,0.86,6,-3.243,0,0.0438,0.0438,0.0,0.311,0.165,85.041,audio_features,33qlYxXfliGpHmKln2yDjg,spotify:track:33qlYxXfliGpHmKln2yDjg,https://api.spotify.com/v1/tracks/33qlYxXfliGpHmKln2yDjg,https://api.spotify.com/v1/audio-analysis/33qlYxXfliGpHmKln2yDjg,193178,4,1
77,Flower Shops (Originally Performed by Ernest and Morgan Wallen) [Instrumental],Flower Shops (Originally Performed by Ernest and Morgan Wallen) [Instrumental],Vox Freaks,216750,spotify:track:1J4hWybAWalH7CpoNvEeTf,https://api.spotify.com/v1/tracks/1J4hWybAWalH7CpoNvEeTf,0.436,0.332,7,-12.208,1,0.0302,0.461,0.94,0.115,0.0708,126.744,audio_features,1J4hWybAWalH7CpoNvEeTf,spotify:track:1J4hWybAWalH7CpoNvEeTf,https://api.spotify.com/v1/tracks/1J4hWybAWalH7CpoNvEeTf,https://api.spotify.com/v1/audio-analysis/1J4hWybAWalH7CpoNvEeTf,216750,3,2
78,Sacrifice,The Debut,Elite One Percent,175568,spotify:track:5YaJt7YvWYytlBQio2JZrC,https://api.spotify.com/v1/tracks/5YaJt7YvWYytlBQio2JZrC,0.69,0.372,4,-12.148,0,0.158,0.00459,0.697,0.099,0.231,175.069,audio_features,5YaJt7YvWYytlBQio2JZrC,spotify:track:5YaJt7YvWYytlBQio2JZrC,https://api.spotify.com/v1/tracks/5YaJt7YvWYytlBQio2JZrC,https://api.spotify.com/v1/audio-analysis/5YaJt7YvWYytlBQio2JZrC,175569,3,-1
79,Smokin Out the Window,Teacher's Pet - Teen Beats,Anderson .Paak,197442,spotify:track:2tC8fRwaIa5HRBZekXExLp,https://api.spotify.com/v1/tracks/2tC8fRwaIa5HRBZekXExLp,0.627,0.618,2,-8.529,1,0.0437,0.0558,0.0,0.351,0.848,82.03,audio_features,2tC8fRwaIa5HRBZekXExLp,spotify:track:2tC8fRwaIa5HRBZekXExLp,https://api.spotify.com/v1/tracks/2tC8fRwaIa5HRBZekXExLp,https://api.spotify.com/v1/audio-analysis/2tC8fRwaIa5HRBZekXExLp,197443,4,0
80,Fly Me To The Moon (In Other Words),The End Of The World,Julie London,159106,spotify:track:5hbNSo9Ckl7ku8664sn0Jj,https://api.spotify.com/v1/tracks/5hbNSo9Ckl7ku8664sn0Jj,0.335,0.508,5,-11.763,1,0.0473,0.698,0.000382,0.0788,0.767,86.298,audio_features,5hbNSo9Ckl7ku8664sn0Jj,spotify:track:5hbNSo9Ckl7ku8664sn0Jj,https://api.spotify.com/v1/tracks/5hbNSo9Ckl7ku8664sn0Jj,https://api.spotify.com/v1/audio-analysis/5hbNSo9Ckl7ku8664sn0Jj,159107,4,0
81,That's The Power - Acoustic,That's The Power,Hillsong Worship,271649,spotify:track:1VOnBmIS5UeC2OBSYacW4I,https://api.spotify.com/v1/tracks/1VOnBmIS5UeC2OBSYacW4I,0.521,0.426,10,-7.974,1,0.0256,0.33,0.0,0.123,0.167,73.987,audio_features,1VOnBmIS5UeC2OBSYacW4I,spotify:track:1VOnBmIS5UeC2OBSYacW4I,https://api.spotify.com/v1/tracks/1VOnBmIS5UeC2OBSYacW4I,https://api.spotify.com/v1/audio-analysis/1VOnBmIS5UeC2OBSYacW4I,271650,4,0
82,Gëek high (feat. Ken Car$on),2 Alivë,Yeat,152533,spotify:track:10pKRdCsckIx7jdrR5IFec,https://api.spotify.com/v1/tracks/10pKRdCsckIx7jdrR5IFec,0.645,0.681,11,-6.202,0,0.116,0.108,0.0,0.087,0.349,139.864,audio_features,10pKRdCsckIx7jdrR5IFec,spotify:track:10pKRdCsckIx7jdrR5IFec,https://api.spotify.com/v1/tracks/10pKRdCsckIx7jdrR5IFec,https://api.spotify.com/v1/audio-analysis/10pKRdCsckIx7jdrR5IFec,152533,4,1
83,Pressure - Alesso Remix,Pressure (The Remixes),Nadia Ali,368000,spotify:track:582JLMTy2WCHPgKFJ4xCq7,https://api.spotify.com/v1/tracks/582JLMTy2WCHPgKFJ4xCq7,0.64,0.792,10,-4.875,0,0.0419,0.000538,0.604,0.0745,0.383,128.001,audio_features,582JLMTy2WCHPgKFJ4xCq7,spotify:track:582JLMTy2WCHPgKFJ4xCq7,https://api.spotify.com/v1/tracks/582JLMTy2WCHPgKFJ4xCq7,https://api.spotify.com/v1/audio-analysis/582JLMTy2WCHPgKFJ4xCq7,368000,4,1
84,Federal,Federal Nightmares,LBR Trap,180323,spotify:track:3tAPGsPK9vwvaCJ9RAlC24,https://api.spotify.com/v1/tracks/3tAPGsPK9vwvaCJ9RAlC24,0.818,0.77,1,-6.719,1,0.252,0.304,0.0,0.204,0.412,104.038,audio_features,3tAPGsPK9vwvaCJ9RAlC24,spotify:track:3tAPGsPK9vwvaCJ9RAlC24,https://api.spotify.com/v1/tracks/3tAPGsPK9vwvaCJ9RAlC24,https://api.spotify.com/v1/audio-analysis/3tAPGsPK9vwvaCJ9RAlC24,180323,4,0
85,Rumors 2,Voice of the Trap,Lil Migo,160055,spotify:track:6vbmwaGmVQ0R8RS7EY6r9p,https://api.spotify.com/v1/tracks/6vbmwaGmVQ0R8RS7EY6r9p,0.84,0.399,6,-8.971,0,0.34,0.215,0.0,0.405,0.45,121.967,audio_features,6vbmwaGmVQ0R8RS7EY6r9p,spotify:track:6vbmwaGmVQ0R8RS7EY6r9p,https://api.spotify.com/v1/tracks/6vbmwaGmVQ0R8RS7EY6r9p,https://api.spotify.com/v1/audio-analysis/6vbmwaGmVQ0R8RS7EY6r9p,160055,4,1
86,Never Wanted to Be That Girl (Originally Performed by Carly Pearce & Ashley McBryde) [Instrumental Version],"Pristine Karaoke, Vol. 49",Backing Business,206959,spotify:track:04UXDROXqpgOiQZe1zXjex,https://api.spotify.com/v1/tracks/04UXDROXqpgOiQZe1zXjex,0.625,0.496,1,-9.13,1,0.0455,0.0239,0.799,0.0993,0.447,73.966,audio_features,04UXDROXqpgOiQZe1zXjex,spotify:track:04UXDROXqpgOiQZe1zXjex,https://api.spotify.com/v1/tracks/04UXDROXqpgOiQZe1zXjex,https://api.spotify.com/v1/audio-analysis/04UXDROXqpgOiQZe1zXjex,206959,4,0
87,Half of My Hometown (Made Popular By Kelsea Ballerini & Kenny Chesney) [Karaoke Version],Party Tyme 109 (Karaoke Versions),Party Tyme Karaoke,231423,spotify:track:54bXTyBP37Yuu9IBba1DZD,https://api.spotify.com/v1/tracks/54bXTyBP37Yuu9IBba1DZD,0.6,0.54,10,-8.922,1,0.0266,0.0995,0.253,0.107,0.436,137.98,audio_features,54bXTyBP37Yuu9IBba1DZD,spotify:track:54bXTyBP37Yuu9IBba1DZD,https://api.spotify.com/v1/tracks/54bXTyBP37Yuu9IBba1DZD,https://api.spotify.com/v1/audio-analysis/54bXTyBP37Yuu9IBba1DZD,231424,4,0
88,Love Is Not Over - Full Length Edition,The Most Beautiful Moment in Life: Young Forever,BTS,221619,spotify:track:12MGUs7yIus6sU09ekZMjw,https://api.spotify.com/v1/tracks/12MGUs7yIus6sU09ekZMjw,0.462,0.576,2,-5.089,1,0.0831,0.124,0.0,0.127,0.278,102.972,audio_features,12MGUs7yIus6sU09ekZMjw,spotify:track:12MGUs7yIus6sU09ekZMjw,https://api.spotify.com/v1/tracks/12MGUs7yIus6sU09ekZMjw,https://api.spotify.com/v1/audio-analysis/12MGUs7yIus6sU09ekZMjw,221620,4,0
89,Banking On Me (Remix),Banking On Me (Remix),BAM Grapke,179558,spotify:track:0dVxDN23LjvISmGizgrL8k,https://api.spotify.com/v1/tracks/0dVxDN23LjvISmGizgrL8k,0.802,0.361,0,-10.437,0,0.0691,0.657,1.16e-06,0.0861,0.584,135.128,audio_features,0dVxDN23LjvISmGizgrL8k,spotify:track:0dVxDN23LjvISmGizgrL8k,https://api.spotify.com/v1/tracks/0dVxDN23LjvISmGizgrL8k,https://api.spotify.com/v1/audio-analysis/0dVxDN23LjvISmGizgrL8k,179558,4,1
90,Give Heaven Some Hell,Give Heaven Some Hell,Kayla Kohla,211428,spotify:track:7hVZAFBynXgkQTihPV9aTL,https://api.spotify.com/v1/tracks/7hVZAFBynXgkQTihPV9aTL,0.651,0.749,0,-6.604,1,0.0384,0.283,0.0,0.096,0.271,125.992,audio_features,7hVZAFBynXgkQTihPV9aTL,spotify:track:7hVZAFBynXgkQTihPV9aTL,https://api.spotify.com/v1/tracks/7hVZAFBynXgkQTihPV9aTL,https://api.spotify.com/v1/audio-analysis/7hVZAFBynXgkQTihPV9aTL,211429,4,0
91,I’m so Tired,The Human Chandelier Red,Britt 11X The Human Chandelier,149333,spotify:track:1tJQ1Esxw5fQH8ICLe90Pk,https://api.spotify.com/v1/tracks/1tJQ1Esxw5fQH8ICLe90Pk,0.819,0.436,0,-9.966,1,0.152,0.608,0.000211,0.102,0.488,90.0,audio_features,1tJQ1Esxw5fQH8ICLe90Pk,spotify:track:1tJQ1Esxw5fQH8ICLe90Pk,https://api.spotify.com/v1/tracks/1tJQ1Esxw5fQH8ICLe90Pk,https://api.spotify.com/v1/audio-analysis/1tJQ1Esxw5fQH8ICLe90Pk,149333,4,0
92,Quirky Bones,Divinity: Original Sin 2 (Original Soundtrack),Borislav Slavov,83016,spotify:track:5Q6vVrow0KRVfS38uGW1Wl,https://api.spotify.com/v1/tracks/5Q6vVrow0KRVfS38uGW1Wl,0.686,0.327,8,-16.13,1,0.0383,0.866,0.809,0.101,0.138,120.055,audio_features,5Q6vVrow0KRVfS38uGW1Wl,spotify:track:5Q6vVrow0KRVfS38uGW1Wl,https://api.spotify.com/v1/tracks/5Q6vVrow0KRVfS38uGW1Wl,https://api.spotify.com/v1/audio-analysis/5Q6vVrow0KRVfS38uGW1Wl,83016,4,0
93,Rocking A Cardigan In Atlanta - Slowed,Pour Up Volume 2,DJ Skeeball,138946,spotify:track:30haWgfbIv3PdO3S2WdpEn,https://api.spotify.com/v1/tracks/30haWgfbIv3PdO3S2WdpEn,0.728,0.273,0,-9.913,1,0.0589,0.902,0.0353,0.131,0.142,99.137,audio_features,30haWgfbIv3PdO3S2WdpEn,spotify:track:30haWgfbIv3PdO3S2WdpEn,https://api.spotify.com/v1/tracks/30haWgfbIv3PdO3S2WdpEn,https://api.spotify.com/v1/audio-analysis/30haWgfbIv3PdO3S2WdpEn,138946,4,0
94,Pissed me off,Pissed me off,Zayglock,109648,spotify:track:2vMNzbdG5kPCK16Jx0Fhwn,https://api.spotify.com/v1/tracks/2vMNzbdG5kPCK16Jx0Fhwn,0.659,0.62,0,-6.438,1,0.446,0.0268,0.000872,0.123,0.299,158.263,audio_features,2vMNzbdG5kPCK16Jx0Fhwn,spotify:track:2vMNzbdG5kPCK16Jx0Fhwn,https://api.spotify.com/v1/tracks/2vMNzbdG5kPCK16Jx0Fhwn,https://api.spotify.com/v1/audio-analysis/2vMNzbdG5kPCK16Jx0Fhwn,109648,4,0
95,By Your Side,OMORI Lofi Mixtape,Ryan Chang,224024,spotify:track:6OdQqanVUlCkgnOSwQCepy,https://api.spotify.com/v1/tracks/6OdQqanVUlCkgnOSwQCepy,0.678,0.342,8,-14.744,0,0.0419,0.527,0.818,0.111,0.527,74.991,audio_features,6OdQqanVUlCkgnOSwQCepy,spotify:track:6OdQqanVUlCkgnOSwQCepy,https://api.spotify.com/v1/tracks/6OdQqanVUlCkgnOSwQCepy,https://api.spotify.com/v1/audio-analysis/6OdQqanVUlCkgnOSwQCepy,224025,4,1
96,Waiting on a miracle,Unfinished Business,Bodega Dragons,176026,spotify:track:1nl6Ig0fbkkPTuSBm0Ebi7,https://api.spotify.com/v1/tracks/1nl6Ig0fbkkPTuSBm0Ebi7,0.418,0.978,10,-6.116,0,0.0674,0.000275,0.0686,0.0507,0.476,171.647,audio_features,1nl6Ig0fbkkPTuSBm0Ebi7,spotify:track:1nl6Ig0fbkkPTuSBm0Ebi7,https://api.spotify.com/v1/tracks/1nl6Ig0fbkkPTuSBm0Ebi7,https://api.spotify.com/v1/audio-analysis/1nl6Ig0fbkkPTuSBm0Ebi7,176027,4,1
97,I hate youngboy remixx,I hate youngboy remixx,Young Nola,188753,spotify:track:5qJdoIVqvHpiN4q0A0ltZZ,https://api.spotify.com/v1/tracks/5qJdoIVqvHpiN4q0A0ltZZ,0.778,0.827,1,-5.69,1,0.404,0.113,0.0,0.349,0.662,165.106,audio_features,5qJdoIVqvHpiN4q0A0ltZZ,spotify:track:5qJdoIVqvHpiN4q0A0ltZZ,https://api.spotify.com/v1/tracks/5qJdoIVqvHpiN4q0A0ltZZ,https://api.spotify.com/v1/audio-analysis/5qJdoIVqvHpiN4q0A0ltZZ,188754,4,0
98,City of Gods,Altered Creature,Fostercare,244293,spotify:track:1Kl0DSW9IIkQSxDo2e963Z,https://api.spotify.com/v1/tracks/1Kl0DSW9IIkQSxDo2e963Z,0.444,0.718,5,-9.888,0,0.0517,0.0973,0.844,0.113,0.203,126.037,audio_features,1Kl0DSW9IIkQSxDo2e963Z,spotify:track:1Kl0DSW9IIkQSxDo2e963Z,https://api.spotify.com/v1/tracks/1Kl0DSW9IIkQSxDo2e963Z,https://api.spotify.com/v1/audio-analysis/1Kl0DSW9IIkQSxDo2e963Z,244293,4,1
99,Closer,Collage EP,The Chainsmokers,245506,spotify:track:7crMiinWx373rNBZBaVske,https://api.spotify.com/v1/tracks/7crMiinWx373rNBZBaVske,0.738,0.541,8,-5.597,1,0.0303,0.415,0.0,0.11,0.657,94.949,audio_features,7crMiinWx373rNBZBaVske,spotify:track:7crMiinWx373rNBZBaVske,https://api.spotify.com/v1/tracks/7crMiinWx373rNBZBaVske,https://api.spotify.com/v1/audio-analysis/7crMiinWx373rNBZBaVske,245507,4,0
